<?xml version="1.0" encoding="utf-8" standalone="no" ?>

<!-- [INFORMATION]
    Support: https://forum.giants-software.com  or  https://github.com/GtX-Andy 

    Alle Addons:
        - Wenn 'waterAddon active = false', wird diese Funktion in allen verfügbaren Betrieben deaktiviert.
    Nur WaterAddon:
        - Wenn 'purchaseOverride = true', Sind alle Wasser-Addons von Anfang an, unabhängig von den Einstellungen der einzelnen Haltungsmodi, schon fest eingebaut.
        - Wenn 'waterPriceScaleOverride (größer als>) -1', verwenden alle Wasser Addons diese Preisskala für die Wasserkosten, unabhängig von den Einstellungen der einzelnen Haltungsmodi.
        - Wenn 'maintenancePerDayOverride (größer als>) -1', verwenden alle Wasser Addons diese Wartungskosten, unabhängig von den Einstellungen der einzelnen Haltungsmodi.
    Nur MilkAddon:
        - Wenn 'chanceOfDelayPercent (größer als>) 0', werden zufällige Zwischenfälle beim Milchunternehmern aktiviert und diese Zwischenfallsprozentsatz wird verwendet.
        - Standardeinstellung: Neuer Farmer = 20 | Farm-Manager = 30 | Bei Null Beginnen = 40.
-->

<animalPenExtension build="2" version="1.2.0.0">
    <settings>
        <waterAddon active="true" purchaseOverride="false" waterPriceScaleOverride="-1" maintenancePerDayOverride="-1"/>
        <milkAddon active="true" chanceOfDelayPercent="30" contractorTransportPercent="5"/>
        <chickenAddon active="true"/>
    </settings>

    <!-- No changes required past this point! This is save game data only. -->
    <milkAddon>
        <randomDelay isActive="false" textId="1" delayCounter="0" previousDelayIds="0 0 0"/>
    </milkAddon>
</animalPenExtension>
