﻿<careerSavegame revision="2" valid="true">
    <settings>
        <savegameName>MP 1 Hof</savegameName>
        <mapId>FS19_NF_Marsch_4fach.SampleModMap</mapId>
        <mapTitle>NF Marsch 4fach V2.8</mapTitle>
        <saveDate>19.07.2021</saveDate>
        <playerModelIndex>1</playerModelIndex>
        <playerColorIndex>20</playerColorIndex>
        <playerBodyIndex>1</playerBodyIndex>
        <playerHatIndex>2</playerHatIndex>
        <playerAccessoryIndex>0</playerAccessoryIndex>
        <playerHairIndex>4</playerHairIndex>
        <playerJacketIndex>0</playerJacketIndex>
        <playerName>Chandler</playerName>
        <resetVehicles>false</resetVehicles>
        <isPlantWitheringEnabled>false</isPlantWitheringEnabled>
        <trafficEnabled>false</trafficEnabled>
        <stopAndGoBraking>true</stopAndGoBraking>
        <automaticMotorStartEnabled>true</automaticMotorStartEnabled>
        <fruitDestruction>true</fruitDestruction>
        <plowingRequiredEnabled>true</plowingRequiredEnabled>
        <weedsEnabled>true</weedsEnabled>
        <limeRequired>true</limeRequired>
        <fuelUsageLow>false</fuelUsageLow>
        <helperBuyFuel>false</helperBuyFuel>
        <helperBuySeeds>false</helperBuySeeds>
        <helperBuyFertilizer>false</helperBuyFertilizer>
        <helperSlurrySource>1</helperSlurrySource>
        <helperManureSource>1</helperManureSource>
        <densityMapRevision>3</densityMapRevision>
        <terrainLodTextureRevision>2</terrainLodTextureRevision>
        <splitShapesRevision>1</splitShapesRevision>
        <tipCollisionRevision>1</tipCollisionRevision>
        <placementCollisionRevision>1</placementCollisionRevision>
        <mapDensityMapRevision>1</mapDensityMapRevision>
        <mapTerrainLodTextureRevision>1</mapTerrainLodTextureRevision>
        <mapSplitShapesRevision>1</mapSplitShapesRevision>
        <mapTipCollisionRevision>1</mapTipCollisionRevision>
        <mapPlacementCollisionRevision>1</mapPlacementCollisionRevision>
        <difficulty>2</difficulty>
        <economicDifficulty>2</economicDifficulty>
        <plantGrowthRate>4</plantGrowthRate>
        <dirtInterval>3</dirtInterval>
        <timeScale>1.000000</timeScale>
        <autoSaveInterval>15.000000</autoSaveInterval>
    </settings>
    <map>
        <foundHelpIcons>00000000000000000000</foundHelpIcons>
    </map>
    <statistics>
        <money>113308</money>
        <playTime>1221.889404</playTime>
    </statistics>
    <mapsSplitShapeFileIds count="1">
        <id id="0"/>
    </mapsSplitShapeFileIds>
    <mod modName="FS19_FEDmods_Ballenlager" title="NF Mod Map Paletten und BallenLager" version="3.1" required="false" fileHash="c443f14efc94e0f0d675e39245815189"/>
    <mod modName="FS19_Fillstations" title="Platzierbare Füllstationen" version="1.2" required="false" fileHash="808302d8b5cb66543cb55d94e5fa5dc6"/>
    <mod modName="FS19_PalletProduction" title="Palettenproduktion" version="1.0.0.6" required="false" fileHash="58689add332ef7eaed58514975d3421d"/>
    <mod modName="FS19_Small_shelter" title="Kleiner Unterstand" version="1.0.0.0" required="false" fileHash="e8a3c79fb7d4e4871cf8c70de5d6f87e"/>
    <mod modName="FS19_placeableFruitTreesPack" title="Platzierbare Obstbäume Pack" version="1.0.0.0" required="false" fileHash="d85de5156fcdd32b5755d6b067e7ed43"/>
    <mod modName="FS19_manureSystem" title="Gülle System" version="1.2.0.0" required="false" fileHash="cb62187f8f4281e385c742c040e1a215"/>
    <mod modName="FS19_BarnWithChickenCoop" title="Scheune Mit Hühnerstall" version="1.0.0.0" required="false" fileHash="487a042c6f6f01d6ae46fa27dcfcfe20"/>
    <mod modName="FS19_DigestateDryer" title="Flüssigkeitsabscheider Für Gärreste" version="1.0.0.1" required="false" fileHash="a74eab0f38eb60ec680a1578802d0f3f"/>
    <mod modName="FS19_itRunnerPack" title="ITRunner Pack" version="1.0.0.0" required="false" fileHash="4375f4eb9d7650f868fd949d06e35d6b"/>
    <mod modName="FS19_timeScale" title="Zeitfaktor" version="1.0.0.0" required="false" fileHash="97621f5ab844a97971911fd196ee9699"/>
    <mod modName="FS19_compositeHallPack" title="Leimbinder Maschinenhallen" version="1.0.0.0" required="false" fileHash="70120c88a22af7fb9cbddb5e09f7d2e2"/>
    <mod modName="FS19_SleepAnytime" title="Jederzeit Schlafen" version="1.0.0.0" required="false" fileHash="c0c8c0034ddf1a571b8194abea74be93"/>
    <mod modName="FS19_crosetto_NL28" title="Crosetto NL Pack" version="1.3.0.0" required="false" fileHash="3a7decdc22eea62cd28620d4c13baf39"/>
    <mod modName="FS19_GlobalCompanyPlaceable_AnimalStableStorages" title="GlobalCompany - Lager Für Tierställe" version="1.0.0.0" required="false" fileHash="e9165324fffb478b84812ed683f02254"/>
    <mod modName="FS19_mahindraRetriever" title="Mahindra Retriever 1000" version="1.0.0.0" required="false" fileHash="e0afcef487f47e2ae12d52199160141e"/>
    <mod modName="FS19_JunkkariW700" title="Junkkari W700" version="1.0.0.0" required="false" fileHash="8e364f007c79ce51df35c96dc677bc1f"/>
    <mod modName="FS19_Mini_BGA" title="Kleine BGA" version="1.5.0.0" required="false" fileHash="9a9374ab287b9c47a652b0df0c41bcc2"/>
    <mod modName="FS19_EDGE_itRunnerMainPack" title="ITRunner Tankwagen Pack" version="1.0.0.0" required="false" fileHash="7acd2398b29fd75faf89b245f8297264"/>
    <mod modName="FS19_GlobalCompanyPlaceable_PlaceableDisplay" title="GlobalCompany - Digitale Anzeige" version="1.0.0.0" required="false" fileHash="13ef1efae4b3770dc20b3b48377604f0"/>
    <mod modName="FS19_GlobalCompanyPlaceable_SeedMaker" title="GlobalCompany - SeedMaker" version="1.0.1.0" required="false" fileHash="ac5c70cab74e05bac5c2eae0d34246a4"/>
    <mod modName="pdlc_kvernelandPack" title="Kverneland &amp; Vicon Equipment Pack" version="1.1.0.0" required="false" fileHash="d323fffc2a645144d8118916dd96b13c"/>
    <mod modName="FS19_flieglSilageLevelerDuo" title="Fliegl Duo" version="1.0.0.0" required="false" fileHash="f4cb6d68d22e70bc16c48fd1c3f1b16f"/>
    <mod modName="FS19_Forage_All_In_One" title="Forage All In One" version="1.0.0.0" required="false" fileHash="2e41bd393e42433e128f4054c4342df7"/>
    <mod modName="FS19_FollowMe" title="Follow Me" version="1.6.0.29" required="false" fileHash="e399c9089ef81c9179a21a215170f672"/>
    <mod modName="pdlc_grimmePack" title="Grimme Pack" version="1.0.0.0" required="false" fileHash="8a26fb953e899d24dd116cc447b81313"/>
    <mod modName="VehicleInspector" title="VehicleInspector" version="1.5 Beta" required="false" fileHash="b232450e7178e009e53058b74bb39781"/>
    <mod modName="Range_Rover_SVR_2015" title="Range Rover SVR 2015" version="1.0.0.0" required="false" fileHash="f7f573fcc831df9d5d5f23fa033d9a7c"/>
    <mod modName="pdlc_andersonPack" title="Anderson Group Equipment Pack" version="1.0.1.0" required="false" fileHash="5f80c1d76b1adeadba21204a64187da8"/>
    <mod modName="FS19_MANTransportPack" title="MAN Transport Pack" version="1.2.0.0" required="false" fileHash="6a1022e8c4da1b379134474b1dc7c7fd"/>
    <mod modName="FS19_FEDmods" title="NF Mod Map Platzierbare Objekte" version="2.7" required="false" fileHash="970319e29413c8a8b8f56dcc67b962f4"/>
    <mod modName="FS19_GDR_BuildingPackage" title="DDR Gebäude Paket" version="1.0.0.0" required="false" fileHash="0c06924a794774f1655dca8591d6d68a"/>
    <mod modName="LS19_placeableTrees" title="Platzierbare Bäume" version="1.1.0.1" required="false" fileHash="6f666fe5349048fb00231673b4c9bc22"/>
    <mod modName="Carton_Factory" title="Carton Factory" version="1.0" required="false" fileHash="ebd162eecbe71baf841fea5cfd56650b"/>
    <mod modName="FS19_GiantsFix_PlaceableLights" title="Bugfix: Platzierbares Licht" version="1.0.0.0" required="false" fileHash="0206e1a6a66485c244d4307fd61781e7"/>
    <mod modName="FS19_Blumen" title="Blumen" version="1.0.0.0" required="false" fileHash="5e92fad2e97389197c0081d91370da6b"/>
    <mod modName="FS19_holmerPack" title="HOLMER Terra Variant DLC" version="1.0.2.0" required="false" fileHash="3266b9e838b49100e8b3610fb07ea808"/>
    <mod modName="FS19_MA7_silos" title="Silopaket" version="1.0.0.0" required="false" fileHash="7ecae54176bc3c17672db8857675d88d"/>
    <mod modName="pdlc_rottnePack" title="Rottne Pack" version="1.0.0.0" required="false" fileHash="5c0fc3baac9778e5eff8a9db4caa0b01"/>
    <mod modName="FS19_Courseplay" title="CoursePlay" version="6.4.0.0" required="false" fileHash="eb13ae431dd319fdc85f3df655ef24df"/>
    <mod modName="FS19_VehicleSpeedSync" title="Fahrzeuggeschwindigkeit Sync" version="1.1.0.0" required="false" fileHash="829864fcc6732494c45f8f57ccf41eab"/>
    <mod modName="FS19_Large_Hall_Krz" title="Große Halle" version="1.0.0.0" required="false" fileHash="250c66749387d970d6d1f264fcd558f3"/>
    <mod modName="FS19_BulkBuy" title="Großeinkauf" version="1.0.2.0" required="false" fileHash="bbc56d72ad92555a8be08f7c6b4c27f1"/>
    <mod modName="FS19_Homemadebarrel" title="Selbstgebauter Tank" version="1.0.0.0" required="false" fileHash="6d6eb40d70969047ece64872fa635907"/>
    <mod modName="FS19_ATC_SemiPack" title="A.T.C. MAN Sattelzugmaschinen Pack" version="1.1.0.0" required="false" fileHash="4c2da11260925f929db860e70d9e3bb9"/>
    <mod modName="FS19_GrainDryer" title="Getreidetrocknung" version="1.0.0.6" required="false" fileHash="8d49db33d8f56defd22a80cedfdd1d81"/>
    <mod modName="FS19_ShelfStorage" title="Lagerregal" version="1.0.3.0" required="false" fileHash="778179b5e8b11a612d3c59369f1b8e06"/>
    <mod modName="FS19_realisticSeederSeedProduction" title="Saatgutproduktion Für Realistisches Saatgut" version="1.0.0.1" required="false" fileHash="6eb2797dc2180ad17e0590533f878d06"/>
    <mod modName="FS19_RYC_ONE_6M" title="RYC ONE 6M" version="1.0.0.0" required="false" fileHash="c5ea21a05a363a8c32ee08299cc413ff"/>
    <mod modName="FS19_RollandPack" title="Rolland Pack" version="1.0.0.2" required="false" fileHash="0419cdc3dc8c9710feeb374137b7a835"/>
    <mod modName="FS19_MBtrac1000_1100" title="MB Trac 1000-1100" version="1.1.0.0" required="false" fileHash="652bed1493f1c4fd333b9a90e8707a00"/>
    <mod modName="FS19_realDirtColor" title="Echte Schmutzfarbe" version="1.2.0.0" required="false" fileHash="16baf03c0d14079ed5269b2a71c52d3f"/>
    <mod modName="FS19_Radladerschaufel" title="konfigurierbare Radladerschaufel" version="2.1.0.0" required="false" fileHash="6f498a5fd6e0e99b441a965e030006cd"/>
    <mod modName="FS19_MBTarc_1000_Intercooler" title="MB Trac 1000 Intercooler" version="1.3.0.0 (Final NEU)" required="false" fileHash="c8c6091c0209e233e99dbc233bd8ebb0"/>
    <mod modName="FS19_placeableBuyingStations" title="Platzierbare Kaufsilos" version="1.0.2.0" required="false" fileHash="6aa144a17ef99183bdf255f3b0c5f2ea"/>
    <mod modName="FS19_pigEnclosureBushes" title="Schweinestall Naturnah" version="1.0.0.0" required="false" fileHash="b7c6ffb9fc81157b9afd6a6d942d3de3"/>
    <mod modName="FS19_PelletClench" title="Pelletpresse" version="1.0.0.3" required="false" fileHash="e2726c43f18a3234e8241a9b513652ec"/>
    <mod modName="FS19_MoreMissionsAllowed" title="MoreMissionsAllowed" version="1.0.0.0" required="false" fileHash="70d8cfef075d3e000ff8b78a9b122d4f"/>
    <mod modName="FS19_Modulare_BGA_Light_Set" title="Modular BGA System" version="1.0.0.1" required="false" fileHash="6d37009fabef7559308ee55c447b76f4"/>
    <mod modName="FS19_MBtrac800_900" title="MB Trac 800-900" version="1.1.0.0" required="false" fileHash="6f9290cea570817e2d2c5afd4f152280"/>
    <mod modName="FS19_manTGS44500JoskinCargo" title="MAN TGS Joskin Cargo" version="1.0.0.0" required="false" fileHash="1a2e6e2ad7e9f836e32c524dfdbc45f4"/>
    <mod modName="FS19_GlobalCompanyAddOn_FieldCalculator" title="GlobalCompanyAddOn - Feldrechner" version="1.0.0.0" required="false" fileHash="a4dcd59ec53381b1d8dd2e61f1ccbc91"/>
    <mod modName="FS19_GlobalCompany" title="GlobalCompany" version="1.7.1.0" required="false" fileHash="bc88426351a1acf40c14d5e1edb744d0"/>
    <mod modName="FS19_MaizePlus" title="MaisPlus" version="1.4.1.0" required="false" fileHash="eee367cc879ea584d1328ccbf5fc2967"/>
    <mod modName="FS19_AgraZLandtrade" title="AgraZ Landhandel" version="1.0.2.5" required="false" fileHash="a024f9de65ed800418912b53173afbd3"/>
    <mod modName="FS19_MachineryHall" title="Maschinenhalle" version="1.0.0.0" required="false" fileHash="8456e9ea3317915f9c6f083e08cdeed7"/>
    <mod modName="FS19_littleSawmill" title="Kleines Sägewerk" version="1.0.2.4" required="false" fileHash="241394efd4c1561e86220fec30e9a244"/>
    <mod modName="FS19_container_pallets" title="Paletten Container" version="1.0.0.1" required="false" fileHash="276638e5f11c79c74c881c55f44d2dfc"/>
    <mod modName="FS19_kuhnMowerPack" title="Kuhn FC313F / FC883" version="1.0.0.0" required="false" fileHash="404a262b8a8a5ca81ff0d278e6a99286"/>
    <mod modName="HoT_Hof_Pack" title="HoT Hof Pack" version="1.2.0.19" required="false" fileHash="f8b4b1f1af6f7799328c9c07b4b98803"/>
    <mod modName="FS19_crosetto_pack" title="Crosetto Pack" version="4.0.0.0" required="false" fileHash="efa8bd2433fd1776f7ebf9a3391a60f0"/>
    <mod modName="pdlc_johnDeereCottonPack" title="John Deere Cotton Pack" version="1.0.0.0" required="false" fileHash="016cd10c66fb7218c80d7e5d6bd03366"/>
    <mod modName="pdlc_bourgaultPack" title="BOURGAULT Pack" version="1.1.0.0" required="false" fileHash="4e5e8a8dab70c715801c6120693b83ce"/>
    <mod modName="pdlc_claasPack" title="CLAAS Pack (Platinum Expansion)" version="1.3.0.0" required="false" fileHash="ce8b34ff3e433c683d3d712b4485442d"/>
    <mod modName="FS19_BetterContracts" title="Better Contracts" version="1.1.0.0" required="false" fileHash="ea7678e3027910303b2f65bdccd72eba"/>
    <mod modName="FS19_GC_baleStoragePlaceable" title="Ballen Lager, Heu und Stroh" version="1.0.3.0" required="false" fileHash="b995391038c02f260afcfff43e38b5ac"/>
    <mod modName="FS19_powerLights" title="Hochleistungs-Scheinwerfer Pack" version="1.5.0.0" required="false" fileHash="3d2d7e3a1506ff9ea939fbc1809cccfa"/>
    <mod modName="FS19_easyShedSet" title="EasyShed Set" version="1.2.0.0" required="false" fileHash="f18ec00892f16f8481ae81f7215ae16a"/>
    <mod modName="FS19_GlobalCompanyPlaceable_Lizard_Fuel" title="Lizard Biofuels Production" version="1.2.0.0" required="false" fileHash="48d9f7dc61940d77017f1379c60e9bea"/>
    <mod modName="FS19_AutoDrive" title="AutoDrive" version="1.1.1.2" required="false" fileHash="e3dff8184f7066ef8fa9884afbd5581f"/>
    <mod modName="FS19_KernerCorona300" title="Kerner Corona 300" version="1.3.0.0" required="false" fileHash="b2bc26bc28dee960a4bff9511ab3d13f"/>
    <mod modName="FS19_WhiskeyDistillery" title="Whiskey Distillery" version="1.0" required="false" fileHash="1387dded0edff7733362a6de7c0d56d0"/>
    <mod modName="FS19_EasyDevControls" title="Easy Development Controls" version="1.0.0.0" required="false" fileHash="226943e73eee43672d959ff830d4f6f6"/>
    <mod modName="FS19_FEDmods_Produktionen" title="NF Mod Map Produktionen" version="3.1" required="false" fileHash="ec2c09936051ace76885f2f71cb0433a"/>
    <mod modName="FS19_John_Deere_40_Series" title="John Deere 40 Series" version="1.0.0.1" required="false" fileHash="60b6b6c1f609cd0e2a4414bda7bca828"/>
    <mod modName="FS19_Lizard815" title="Lizard815" version="1.0.0.0" required="false" fileHash="52e9e9b0702a0a328145ea920c98a482"/>
    <mod modName="FS19_Fermenter_with_Digestate" title="Hochsilo Mit Gärreste" version="1.0.0.0" required="false" fileHash="8c4075e85ab123c18493c97110eef226"/>
    <mod modName="FS19_ITS_Lemken_Pack" title="ITS-Lemken-Pack" version="1.8.0.1" required="false" fileHash="7498d74b563b02cfd2efb254799074a9"/>
    <mod modName="FS19_Palettenregal" title="Palettenregal" version="1.0.0.0" required="false" fileHash="4b0e1c5b61df72209fe505454521df44"/>
    <mod modName="FS19_Interactive_Manure_Spreaders" title="Interaktive Miststreuer" version="1.0.0.0" required="false" fileHash="9567950ea8635779da23064f19a13f4c"/>
    <mod modName="FS19_Hardi_Interactive_Sprayers_PC" title="Hardi Interactive Sprayers" version="2.1.0.0" required="false" fileHash="2d54bde7002e771cd2e1d6c89980dc8b"/>
    <mod modName="FS19_Interactive_Fertilizer_Spreaders" title="IA Dünger Und Salz Streuer" version="1.1.0.0" required="false" fileHash="5653cabf6f8d18fbc3fdc97bbd46f32a"/>
    <mod modName="pdlc_alpineFarmingPack" title="Alpine Farming Pack" version="1.2.1.0" required="false" fileHash="f97f68bac080f31087f100bb2254582c"/>
    <mod modName="HoTProduktion" title="HoT Produktion" version="1.0.5.0" required="false" fileHash="3aecfa186865c3c7bf4daa638e4c9528"/>
    <mod modName="FS19_GlobalCompanyAddOn_Icons" title="GlobalCompany Addon Icons" version="1.2.0.0" required="false" fileHash="6375235e5bbb724b0219e106af00446a"/>
    <mod modName="FS19_Woodchipper" title="Stationärer Holzhäcksler" version="1.0.0.3" required="false" fileHash="330322f014336a6992b8e9d740e8de18"/>
    <mod modName="FS19_Trans_70" title="Trans-70" version="1.0.0.0" required="false" fileHash="62c750e725dad8acbcde6728d4c1a12a"/>
    <mod modName="FS19_GlobalCompanyPlaceable_FermentingSilo" title="GlobalCompany - Hochsilo" version="1.0.1.0" required="false" fileHash="1f0c60cafb214283ac5f61e04a0d1e47"/>
    <mod modName="fs19_lizardautoloader" title="Lizard 15.5m Flachdeck" version="0.0.1.1" required="false" fileHash="f9d23dbfe118f85582c5a2245c39982d"/>
    <mod modName="FS19_decorativeTrees" title="Dekorative Bäume" version="1.0.0.0" required="false" fileHash="250f84755c47208737b58fef913190f1"/>
    <mod modName="FS19_Kuhn_Interactive_Sprayers_PC" title="Kuhn Interactive Sprayers" version="2.0.0.0" required="false" fileHash="4a8ddf8829ebbfa36f7ea8bce0baf74c"/>
    <mod modName="FS19_fellaGrasslandEquipment" title="Fella Grassland Equipment" version="1.0.1.0" required="false" fileHash="99db59e12af73bbea3787e97e207b250"/>
    <mod modName="FS19_VehicleControlAddon" title="Vehicle Control Addon" version="1.2.0.0" required="false" fileHash="69759c176104dfad178e9f23b7f66eac"/>
    <mod modName="FS19_CSZ_pack" title="CSZ Equipment Pack" version="1.5.0.0" required="false" fileHash="1c067261687b9d522b609d0be70d59e1"/>
    <mod modName="FS19_JohnDeere2730" title="John Deere 2730 Pflug" version="1.0.0.0" required="false" fileHash="5cb11234beebed9a0f6df7137a2a50cc"/>
    <mod modName="FS19_Kuhn_John_Deere_Mower_Pack" title="Kuhn Und John Deere Mähwerk Packet" version="1.0.0.0" required="false" fileHash="7b6e359041625cc294f7c97d07a8c9e7"/>
    <mod modName="FS19_AnimalPenExtension" title="Animal Pen Extension" version="1.2.0.0" required="false" fileHash="f4446151e99029059bf7fd4c1a66b886"/>
    <mod modName="FS19_Deutz_9005" title="Deutz D9005" version="1.1.0" required="false" fileHash="78edd9b23383bb0c80669eb27b896351"/>
    <mod modName="FS19_NF_Marsch_4fach" title="NF Marsch 4fach" version="2.8" required="true" fileHash="91106fa518b9b640d286bf85e32f0a54"/>
    <mod modName="FS19_fertilizerTankVD" title="Düngemittelbehälter" version="1.0.0.0" required="false" fileHash="aeb76892a10fdef9961bbf8a80773f5b"/>
    <mod modName="FS19_DeutzD252Hytraulik" title="DeutzD25" version="1.0.0.0" required="false" fileHash="71ced2a2e0d1255eccd9e787cc7ac605"/>
    <mod modName="FS19_ATC_ContainerTransportationPack" title="A.T.C. Container Transportation Pack" version="3.0.0.0" required="false" fileHash="6a1c749fb425a8032285fdea96624ed1"/>
    <mod modName="FS19_FEDmods_Tiere" title="NF Mod Map Tiere" version="2.6" required="false" fileHash="08e5744a3f78060cb15685fb947efc01"/>
    <mod modName="FS19_KernerCorona500" title="Kerner Corona 500" version="1.2.0.0" required="false" fileHash="b8ff0571cb1baaa1eb308022956a21d7"/>
</careerSavegame>
