﻿<CPSettings>
    <courseplayHud posX="0.377907" posY="0.029861" hudScale="1.000000" uiScale="1.000000">
	NOTE 1: Do not change the uiScale Manually.
	NOTE 2: If you change the hudScale and you haven't changed the posX and posY manually,
			then you need to delete the posX and posY section to center the hud again.
	</courseplayHud>
    <courseplayFields onlyScanOwnedFields="true" debugScannedFields="false" debugCustomLoadedFields="false" scanStep="5"/>
    <course2D posX="0.236628" posY="0.153472" opacity="0.700000"/>
    <workerWages value="0"/>
    <showActionEventsTexts active="true"/>
    <clickToSwitch active="true"/>
    <loadCoursesAtStartup active="false"/>
    <showMiniHud active="false"/>
    <showMapHotspot value="1"/>
    <autoRepair value="0"/>
    <autoFieldScan active="true"/>
    <enableOpenHudWithMouseGlobal active="true"/>
    <courseGenerator>
        <headlandLaneChangeMinDistanceFromCorner value="10"/>
        <headlandLaneChangeMinRadius value="20"/>
        <headlandLaneChangeMinDistanceToCorner value="20"/>
    </courseGenerator>
</CPSettings>
