﻿<tipTypeMappings>
    <tipTypeMapping fillType="wheat" index="1"/>
    <tipTypeMapping fillType="barley" index="2"/>
    <tipTypeMapping fillType="oat" index="3"/>
    <tipTypeMapping fillType="canola" index="4"/>
    <tipTypeMapping fillType="maize" index="5"/>
    <tipTypeMapping fillType="potato" index="6"/>
    <tipTypeMapping fillType="sugarBeet" index="7"/>
    <tipTypeMapping fillType="soyBean" index="8"/>
    <tipTypeMapping fillType="sunflower" index="9"/>
    <tipTypeMapping fillType="chaff" index="10"/>
    <tipTypeMapping fillType="seeds" index="11"/>
    <tipTypeMapping fillType="lime" index="12"/>
    <tipTypeMapping fillType="fertilizer" index="13"/>
    <tipTypeMapping fillType="sugarCane" index="14"/>
    <tipTypeMapping fillType="straw" index="15"/>
    <tipTypeMapping fillType="grass_windrow" index="16"/>
    <tipTypeMapping fillType="dryGrass_windrow" index="17"/>
    <tipTypeMapping fillType="silage" index="18"/>
    <tipTypeMapping fillType="forage" index="19"/>
    <tipTypeMapping fillType="pigFood" index="20"/>
    <tipTypeMapping fillType="manure" index="21"/>
    <tipTypeMapping fillType="woodChips" index="22"/>
    <tipTypeMapping fillType="tarp" index="23"/>
    <tipTypeMapping fillType="kies" index="24"/>
    <tipTypeMapping fillType="sand" index="25"/>
    <tipTypeMapping fillType="erde" index="26"/>
    <tipTypeMapping fillType="carrot" index="27"/>
    <tipTypeMapping fillType="onion" index="28"/>
    <tipTypeMapping fillType="compost" index="29"/>
    <tipTypeMapping fillType="triticale" index="30"/>
    <tipTypeMapping fillType="hops" index="31"/>
    <tipTypeMapping fillType="rye" index="32"/>
    <tipTypeMapping fillType="poppy" index="33"/>
    <tipTypeMapping fillType="spelt" index="34"/>
    <tipTypeMapping fillType="millet" index="35"/>
    <tipTypeMapping fillType="sorghum" index="36"/>
    <tipTypeMapping fillType="beetPulp" index="37"/>
    <tipTypeMapping fillType="CHOPPEDMAIZE" index="38"/>
    <tipTypeMapping fillType="CHOPPEDMAIZE_FERMENTED" index="39"/>
    <tipTypeMapping fillType="GRASS_FERMENTED" index="40"/>
    <tipTypeMapping fillType="SILOGRASS" index="41"/>
</tipTypeMappings>
