﻿<environment>
    <dayTime>1155.755981</dayTime>
    <currentDay>3</currentDay>
    <realHourTimer>2192965</realHourTimer>
    <weather timeSinceLastRain="3716">
        <forecast>
            <instance durationLeft="1.604068" typeName="SUN" variationIndex="4" duration="1.000000"/>
            <instance typeName="SUN" variationIndex="5" duration="11.000000"/>
            <instance typeName="CLOUDY" variationIndex="4" duration="15.000000"/>
            <instance typeName="CLOUDY" variationIndex="4" duration="9.000000"/>
            <instance typeName="CLOUDY" variationIndex="2" duration="9.000000"/>
            <instance typeName="CLOUDY" variationIndex="1" duration="9.000000"/>
            <instance typeName="CLOUDY" variationIndex="1" duration="14.000000"/>
            <instance typeName="CLOUDY" variationIndex="4" duration="14.000000"/>
            <instance typeName="RAIN" variationIndex="3" duration="9.000000"/>
            <instance typeName="SUN" variationIndex="2" duration="13.000000"/>
            <instance typeName="CLOUDY" variationIndex="1" duration="15.000000"/>
            <instance typeName="CLOUDY" variationIndex="4" duration="15.000000"/>
            <instance typeName="SUN" variationIndex="3" duration="14.000000"/>
            <instance typeName="SUN" variationIndex="4" duration="14.000000"/>
            <instance typeName="SUN" variationIndex="1" duration="10.000000"/>
        </forecast>
        <fog currentMieScale="2.000000" lastMieScale="2.000000" targetMieScale="2.000000" alpha="1.000000" duration="14400000.000000" nightFactor="1.000000" dayFactor="1.000000"/>
    </weather>
</environment>
