﻿<farmlands>
    <farmland id="1" farmId="0"/>
    <farmland id="2" farmId="1"/>
    <farmland id="3" farmId="1"/>
    <farmland id="4" farmId="1"/>
    <farmland id="5" farmId="1"/>
    <farmland id="6" farmId="0"/>
    <farmland id="7" farmId="0"/>
    <farmland id="8" farmId="0"/>
    <farmland id="9" farmId="0"/>
    <farmland id="10" farmId="0"/>
    <farmland id="11" farmId="0"/>
    <farmland id="12" farmId="0"/>
    <farmland id="13" farmId="0"/>
    <farmland id="14" farmId="0"/>
    <farmland id="15" farmId="0"/>
    <farmland id="16" farmId="0"/>
    <farmland id="17" farmId="0"/>
    <farmland id="18" farmId="0"/>
    <farmland id="19" farmId="0"/>
    <farmland id="20" farmId="0"/>
    <farmland id="21" farmId="0"/>
    <farmland id="22" farmId="0"/>
    <farmland id="23" farmId="0"/>
    <farmland id="24" farmId="0"/>
    <farmland id="25" farmId="0"/>
    <farmland id="26" farmId="0"/>
    <farmland id="27" farmId="0"/>
    <farmland id="28" farmId="0"/>
    <farmland id="29" farmId="0"/>
    <farmland id="30" farmId="0"/>
    <farmland id="31" farmId="0"/>
    <farmland id="32" farmId="0"/>
    <farmland id="33" farmId="0"/>
    <farmland id="34" farmId="0"/>
    <farmland id="35" farmId="0"/>
    <farmland id="36" farmId="0"/>
    <farmland id="37" farmId="0"/>
    <farmland id="38" farmId="0"/>
    <farmland id="39" farmId="0"/>
    <farmland id="40" farmId="0"/>
    <farmland id="41" farmId="0"/>
    <farmland id="42" farmId="0"/>
    <farmland id="43" farmId="0"/>
    <farmland id="44" farmId="0"/>
    <farmland id="45" farmId="0"/>
    <farmland id="46" farmId="0"/>
    <farmland id="47" farmId="0"/>
    <farmland id="48" farmId="0"/>
    <farmland id="49" farmId="0"/>
    <farmland id="50" farmId="0"/>
    <farmland id="51" farmId="0"/>
    <farmland id="52" farmId="0"/>
    <farmland id="53" farmId="0"/>
    <farmland id="54" farmId="0"/>
    <farmland id="55" farmId="0"/>
    <farmland id="56" farmId="0"/>
    <farmland id="57" farmId="0"/>
    <farmland id="58" farmId="0"/>
    <farmland id="59" farmId="0"/>
    <farmland id="60" farmId="0"/>
    <farmland id="61" farmId="0"/>
    <farmland id="62" farmId="0"/>
    <farmland id="63" farmId="0"/>
    <farmland id="64" farmId="0"/>
    <farmland id="65" farmId="0"/>
    <farmland id="66" farmId="0"/>
    <farmland id="67" farmId="0"/>
    <farmland id="68" farmId="0"/>
    <farmland id="69" farmId="0"/>
    <farmland id="70" farmId="0"/>
    <farmland id="71" farmId="0"/>
    <farmland id="72" farmId="0"/>
    <farmland id="73" farmId="0"/>
    <farmland id="74" farmId="0"/>
    <farmland id="75" farmId="0"/>
    <farmland id="76" farmId="0"/>
    <farmland id="77" farmId="0"/>
    <farmland id="78" farmId="0"/>
    <farmland id="79" farmId="0"/>
    <farmland id="80" farmId="0"/>
    <farmland id="81" farmId="0"/>
    <farmland id="82" farmId="0"/>
    <farmland id="83" farmId="0"/>
    <farmland id="84" farmId="0"/>
    <farmland id="85" farmId="0"/>
    <farmland id="86" farmId="0"/>
    <farmland id="87" farmId="0"/>
    <farmland id="88" farmId="0"/>
    <farmland id="89" farmId="0"/>
    <farmland id="90" farmId="0"/>
    <farmland id="91" farmId="0"/>
    <farmland id="92" farmId="0"/>
    <farmland id="93" farmId="0"/>
    <farmland id="94" farmId="0"/>
    <farmland id="95" farmId="0"/>
    <farmland id="96" farmId="0"/>
    <farmland id="97" farmId="0"/>
    <farmland id="98" farmId="0"/>
    <farmland id="99" farmId="0"/>
    <farmland id="100" farmId="0"/>
    <farmland id="101" farmId="0"/>
    <farmland id="102" farmId="0"/>
    <farmland id="103" farmId="0"/>
    <farmland id="104" farmId="0"/>
    <farmland id="105" farmId="0"/>
    <farmland id="106" farmId="0"/>
    <farmland id="107" farmId="0"/>
    <farmland id="108" farmId="0"/>
    <farmland id="109" farmId="0"/>
    <farmland id="110" farmId="0"/>
    <farmland id="111" farmId="0"/>
    <farmland id="112" farmId="0"/>
    <farmland id="113" farmId="0"/>
    <farmland id="114" farmId="0"/>
    <farmland id="115" farmId="0"/>
    <farmland id="116" farmId="0"/>
    <farmland id="117" farmId="0"/>
    <farmland id="118" farmId="0"/>
    <farmland id="119" farmId="0"/>
    <farmland id="120" farmId="0"/>
    <farmland id="121" farmId="0"/>
    <farmland id="122" farmId="0"/>
    <farmland id="123" farmId="0"/>
    <farmland id="124" farmId="0"/>
    <farmland id="125" farmId="0"/>
    <farmland id="126" farmId="0"/>
    <farmland id="127" farmId="0"/>
    <farmland id="128" farmId="0"/>
</farmlands>
