﻿<farms>
    <farm farmId="1" name="Multihof" color="4" loan="445000.000000" money="113308.015625" loanAnnualInterestRate="200.000000">
        <players>
            <player uniqueUserId="aGYU4gul06LonsfVPcWPYWoGcinbxLJGmrR/MTzdT2A=" farmManager="true" lastNickname="Chandler" buyVehicle="true" sellVehicle="true" buyPlaceable="true" sellPlaceable="true" manageContracts="true" tradeAnimals="true" createFields="true" landscaping="true" hireAssistant="true" resetVehicle="true" manageRights="true" transferMoney="true" updateFarm="true" manageContracting="true"/>
            <player uniqueUserId="92erZmVpyuns9CKTydUwSqa4I88G+ucCPViiEfcMFZY=" farmManager="true" lastNickname="SirEnderle" buyVehicle="true" sellVehicle="true" buyPlaceable="true" sellPlaceable="true" manageContracts="true" tradeAnimals="true" createFields="true" landscaping="true" hireAssistant="true" resetVehicle="true" manageRights="true" transferMoney="true" updateFarm="true" manageContracting="true"/>
        </players>
        <statistics>
            <traveledDistance>186.967163</traveledDistance>
            <fuelUsage>6772.978027</fuelUsage>
            <seedUsage>6700.151367</seedUsage>
            <sprayUsage>72801.781250</sprayUsage>
            <workedHectares>104.358849</workedHectares>
            <cultivatedHectares>14.201500</cultivatedHectares>
            <sownHectares>20.449999</sownHectares>
            <fertilizedHectares>65.101692</fertilizedHectares>
            <threshedHectares>24.925957</threshedHectares>
            <plowedHectares>0.000000</plowedHectares>
            <workedTime>2630.172363</workedTime>
            <cultivatedTime>22.170967</cultivatedTime>
            <sownTime>297.581909</sownTime>
            <fertilizedTime>288.997711</fertilizedTime>
            <threshedTime>2310.419678</threshedTime>
            <plowedTime>0.000000</plowedTime>
            <baleCount>48</baleCount>
            <breedCowsCount>0</breedCowsCount>
            <breedSheepCount>0</breedSheepCount>
            <breedPigsCount>0</breedPigsCount>
            <breedChickenCount>0</breedChickenCount>
            <breedHorsesCount>0</breedHorsesCount>
            <fieldJobMissionCount>10</fieldJobMissionCount>
            <fieldJobMissionByNPC>2071986176</fieldJobMissionByNPC>
            <transportMissionCount>0</transportMissionCount>
            <revenue>0.000000</revenue>
            <expenses>0.957338</expenses>
            <playTime>1221.889404</playTime>
            <plantedTreeCount>0</plantedTreeCount>
            <cutTreeCount>0</cutTreeCount>
            <woodTonsSold>0.000000</woodTonsSold>
            <treeTypesCut>000000</treeTypesCut>
            <driversTraveledDistance>497.688141</driversTraveledDistance>
        </statistics>
        <finances>
            <stats day="0">
                <newVehiclesCost>-514120.000000</newVehiclesCost>
                <soldVehicles>27539.000000</soldVehicles>
                <newAnimalsCost>0.000000</newAnimalsCost>
                <soldAnimals>0.000000</soldAnimals>
                <constructionCost>-10200.000000</constructionCost>
                <soldBuildings>2600.000000</soldBuildings>
                <fieldPurchase>-104192.000000</fieldPurchase>
                <fieldSelling>0.000000</fieldSelling>
                <vehicleRunningCost>-2384.707031</vehicleRunningCost>
                <vehicleLeasingCost>-14586.000000</vehicleLeasingCost>
                <animalUpkeep>0.000000</animalUpkeep>
                <propertyMaintenance>0.000000</propertyMaintenance>
                <propertyIncome>0.000000</propertyIncome>
                <soldWood>0.000000</soldWood>
                <soldBales>51406.949219</soldBales>
                <soldWool>0.000000</soldWool>
                <soldMilk>0.000000</soldMilk>
                <purchaseFuel>-2361.407715</purchaseFuel>
                <purchaseSeeds>0.000000</purchaseSeeds>
                <purchaseFertilizer>0.000000</purchaseFertilizer>
                <purchaseSaplings>0.000000</purchaseSaplings>
                <purchaseWater>0.000000</purchaseWater>
                <harvestIncome>321021.718750</harvestIncome>
                <incomeBga>0.000000</incomeBga>
                <missionIncome>50531.960938</missionIncome>
                <wagePayment>-43193.101563</wagePayment>
                <other>-10916.148438</other>
                <loanInterest>0.000000</loanInterest>
            </stats>
            <stats day="1">
                <newVehiclesCost>-2142500.000000</newVehiclesCost>
                <soldVehicles>48227.000000</soldVehicles>
                <newAnimalsCost>0.000000</newAnimalsCost>
                <soldAnimals>0.000000</soldAnimals>
                <constructionCost>-906927.312500</constructionCost>
                <soldBuildings>168250.000000</soldBuildings>
                <fieldPurchase>-804364.000000</fieldPurchase>
                <fieldSelling>0.000000</fieldSelling>
                <vehicleRunningCost>-0.649632</vehicleRunningCost>
                <vehicleLeasingCost>-30888.000000</vehicleLeasingCost>
                <animalUpkeep>0.000000</animalUpkeep>
                <propertyMaintenance>-281.000000</propertyMaintenance>
                <propertyIncome>0.000000</propertyIncome>
                <soldWood>0.000000</soldWood>
                <soldBales>0.000000</soldBales>
                <soldWool>0.000000</soldWool>
                <soldMilk>0.000000</soldMilk>
                <purchaseFuel>0.000000</purchaseFuel>
                <purchaseSeeds>0.000000</purchaseSeeds>
                <purchaseFertilizer>0.000000</purchaseFertilizer>
                <purchaseSaplings>0.000000</purchaseSaplings>
                <purchaseWater>0.000000</purchaseWater>
                <harvestIncome>145811.406250</harvestIncome>
                <incomeBga>0.000000</incomeBga>
                <missionIncome>238364.218750</missionIncome>
                <wagePayment>-19691.480469</wagePayment>
                <other>-47305.570313</other>
                <loanInterest>-926.000000</loanInterest>
            </stats>
            <stats day="2">
                <newVehiclesCost>0.000000</newVehiclesCost>
                <soldVehicles>0.000000</soldVehicles>
                <newAnimalsCost>0.000000</newAnimalsCost>
                <soldAnimals>0.000000</soldAnimals>
                <constructionCost>0.000000</constructionCost>
                <soldBuildings>0.000000</soldBuildings>
                <fieldPurchase>0.000000</fieldPurchase>
                <fieldSelling>0.000000</fieldSelling>
                <vehicleRunningCost>0.000000</vehicleRunningCost>
                <vehicleLeasingCost>0.000000</vehicleLeasingCost>
                <animalUpkeep>0.000000</animalUpkeep>
                <propertyMaintenance>-282.063995</propertyMaintenance>
                <propertyIncome>0.000000</propertyIncome>
                <soldWood>0.000000</soldWood>
                <soldBales>0.000000</soldBales>
                <soldWool>0.000000</soldWool>
                <soldMilk>0.000000</soldMilk>
                <purchaseFuel>0.000000</purchaseFuel>
                <purchaseSeeds>0.000000</purchaseSeeds>
                <purchaseFertilizer>0.000000</purchaseFertilizer>
                <purchaseSaplings>0.000000</purchaseSaplings>
                <purchaseWater>0.000000</purchaseWater>
                <harvestIncome>0.000000</harvestIncome>
                <incomeBga>0.000000</incomeBga>
                <missionIncome>17093.000000</missionIncome>
                <wagePayment>-475.776855</wagePayment>
                <other>0.000000</other>
                <loanInterest>-926.000000</loanInterest>
            </stats>
        </finances>
    </farm>
</farms>
