﻿<missions>
    <mission type="harvest" activeId="2" reward="71606" status="1" success="false" farmId="1">
        <field id="19" sprayFactor="1.000000" spraySet="false" plowFactor="1.000000" state="2" vehicleGroup="9" vehicleUseCost="3526.068115" spawnedVehicles="true" growthState="6" limeFactor="1.000000" weedFactor="1.000000" fruitTypeName="POTATO"/>
        <harvest sellPoint="49" expectedLiters="1120204.750000" depositedLiters="687670.625000"/>
    </mission>
    <mission type="harvest" reward="28858" status="0" success="false">
        <field id="54" sprayFactor="0.500000" spraySet="false" plowFactor="1.000000" state="2" vehicleGroup="11" vehicleUseCost="4547.478027" spawnedVehicles="false" growthState="5" limeFactor="1.000000" weedFactor="1.000000" fruitTypeName="COTTON"/>
        <harvest sellPoint="23" expectedLiters="152121.890625" depositedLiters="0.000000"/>
    </mission>
    <mission type="harvest" reward="11947" status="0" success="false">
        <field id="63" sprayFactor="0.000000" spraySet="false" plowFactor="0.000000" state="2" vehicleGroup="2" vehicleUseCost="1882.660034" spawnedVehicles="false" growthState="6" limeFactor="0.000000" weedFactor="1.000000" fruitTypeName="OAT"/>
        <harvest sellPoint="31" expectedLiters="58217.640625" depositedLiters="0.000000"/>
    </mission>
    <mission type="harvest" activeId="5" reward="61456" status="1" success="false" farmId="1">
        <field id="46" sprayFactor="1.000000" spraySet="false" plowFactor="1.000000" state="2" vehicleGroup="6" vehicleUseCost="9684.089844" spawnedVehicles="false" growthState="5" limeFactor="1.000000" weedFactor="1.000000" fruitTypeName="SUNFLOWER"/>
        <harvest sellPoint="31" expectedLiters="387363.593750" depositedLiters="161701.578125"/>
    </mission>
    <mission type="harvest" reward="56000" status="0" success="false">
        <field id="48" sprayFactor="0.500000" spraySet="false" plowFactor="1.000000" state="2" vehicleGroup="8" vehicleUseCost="8824.295898" spawnedVehicles="false" growthState="6" limeFactor="1.000000" weedFactor="1.000000" fruitTypeName="MAIZE"/>
        <harvest sellPoint="31" expectedLiters="694913.312500" depositedLiters="0.000000"/>
    </mission>
    <mission type="harvest" reward="11936" status="0" success="false">
        <field id="6" sprayFactor="0.500000" spraySet="false" plowFactor="0.000000" state="2" vehicleGroup="6" vehicleUseCost="1880.943970" spawnedVehicles="false" growthState="5" limeFactor="1.000000" weedFactor="1.000000" fruitTypeName="SUNFLOWER"/>
        <harvest sellPoint="26" expectedLiters="60190.207031" depositedLiters="0.000000"/>
    </mission>
    <mission type="harvest" reward="17158" status="0" success="false">
        <field id="43" sprayFactor="0.000000" spraySet="false" plowFactor="0.000000" state="2" vehicleGroup="2" vehicleUseCost="2703.687988" spawnedVehicles="false" growthState="7" limeFactor="1.000000" weedFactor="1.000000" fruitTypeName="OAT"/>
        <harvest sellPoint="34" expectedLiters="94057.148438" depositedLiters="0.000000"/>
    </mission>
    <mission type="harvest" reward="43081" status="0" success="false">
        <field id="42" sprayFactor="0.000000" spraySet="false" plowFactor="1.000000" state="2" vehicleGroup="3" vehicleUseCost="6788.574219" spawnedVehicles="false" growthState="7" limeFactor="0.000000" weedFactor="1.000000" fruitTypeName="BARLEY"/>
        <harvest sellPoint="31" expectedLiters="317235.281250" depositedLiters="0.000000"/>
    </mission>
    <mission type="harvest" activeId="1" reward="85250" status="1" success="false" farmId="1">
        <field id="50" sprayFactor="0.500000" spraySet="false" plowFactor="1.000000" state="2" vehicleGroup="5" vehicleUseCost="4197.959961" spawnedVehicles="true" growthState="5" limeFactor="0.000000" weedFactor="1.000000" fruitTypeName="SUGARBEET"/>
        <harvest sellPoint="49" expectedLiters="1751518.000000" depositedLiters="898391.500000"/>
    </mission>
    <mission type="mow_bale" reward="55219" status="0" success="false">
        <field id="44" sprayFactor="0.000000" spraySet="false" plowFactor="1.000000" state="2" vehicleGroup="1" vehicleUseCost="3955.120117" spawnedVehicles="false" growthState="4" limeFactor="1.000000" weedFactor="1.000000" fruitTypeName="GRASS"/>
        <bale sellPoint="14" fillTypeName="SILAGE" depositedLiters="0.000000"/>
    </mission>
    <mission type="harvest" reward="31798" status="0" success="false">
        <field id="4" sprayFactor="0.000000" spraySet="false" plowFactor="1.000000" state="2" vehicleGroup="11" vehicleUseCost="5010.667969" spawnedVehicles="false" growthState="7" limeFactor="1.000000" weedFactor="1.000000" fruitTypeName="COTTON"/>
        <harvest sellPoint="23" expectedLiters="143671.265625" depositedLiters="0.000000"/>
    </mission>
    <mission type="harvest" reward="58981" status="0" success="false">
        <field id="57" sprayFactor="1.000000" spraySet="false" plowFactor="0.000000" state="2" vehicleGroup="14" vehicleUseCost="9294.064453" spawnedVehicles="false" growthState="6" limeFactor="1.000000" weedFactor="1.000000" fruitTypeName="SOYBEAN"/>
        <harvest sellPoint="34" expectedLiters="277749.531250" depositedLiters="0.000000"/>
    </mission>
    <mission type="mow_bale" reward="2936" status="0" success="false">
        <field id="32" sprayFactor="0.000000" spraySet="false" plowFactor="1.000000" state="2" vehicleGroup="2" vehicleUseCost="231.322006" spawnedVehicles="false" growthState="4" limeFactor="0.000000" weedFactor="1.000000" fruitTypeName="GRASS"/>
        <bale sellPoint="14" fillTypeName="DRYGRASS_WINDROW" depositedLiters="0.000000"/>
    </mission>
    <mission type="harvest" activeId="4" reward="66666" status="1" success="false" farmId="1">
        <field id="45" sprayFactor="0.000000" spraySet="false" plowFactor="1.000000" state="2" vehicleGroup="2" vehicleUseCost="10504.961914" spawnedVehicles="true" growthState="7" limeFactor="1.000000" weedFactor="1.000000" fruitTypeName="CANOLA"/>
        <harvest sellPoint="34" expectedLiters="315148.843750" depositedLiters="157583.750000"/>
    </mission>
    <mission type="harvest" reward="9219" status="0" success="false">
        <field id="17" sprayFactor="1.000000" spraySet="false" plowFactor="1.000000" state="2" vehicleGroup="3" vehicleUseCost="1452.723999" spawnedVehicles="false" growthState="5" limeFactor="1.000000" weedFactor="1.000000" fruitTypeName="SOYBEAN"/>
        <harvest sellPoint="49" expectedLiters="46934.160156" depositedLiters="0.000000"/>
    </mission>
    <mission type="harvest" reward="37346" status="0" success="false">
        <field id="56" sprayFactor="0.500000" spraySet="false" plowFactor="1.000000" state="2" vehicleGroup="15" vehicleUseCost="5884.917969" spawnedVehicles="false" growthState="6" limeFactor="0.000000" weedFactor="1.000000" fruitTypeName="SUNFLOWER"/>
        <harvest sellPoint="34" expectedLiters="188317.375000" depositedLiters="0.000000"/>
    </mission>
    <mission type="harvest" reward="13983" status="0" success="false">
        <field id="18" sprayFactor="1.000000" spraySet="false" plowFactor="0.000000" state="2" vehicleGroup="22" vehicleUseCost="2203.395996" spawnedVehicles="false" growthState="5" limeFactor="0.000000" weedFactor="1.000000" fruitTypeName="MAIZE"/>
        <harvest sellPoint="25" expectedLiters="168559.781250" depositedLiters="0.000000"/>
    </mission>
    <mission type="harvest" reward="31676" status="0" success="false">
        <field id="58" sprayFactor="1.000000" spraySet="false" plowFactor="1.000000" state="2" vehicleGroup="15" vehicleUseCost="4991.505859" spawnedVehicles="false" growthState="7" limeFactor="1.000000" weedFactor="1.000000" fruitTypeName="MAIZE"/>
        <harvest sellPoint="25" expectedLiters="449235.531250" depositedLiters="0.000000"/>
    </mission>
    <mission type="harvest" reward="27907" status="0" success="false">
        <field id="59" sprayFactor="1.000000" spraySet="false" plowFactor="1.000000" state="2" vehicleGroup="9" vehicleUseCost="1374.229980" spawnedVehicles="false" growthState="7" limeFactor="1.000000" weedFactor="1.000000" fruitTypeName="POTATO"/>
        <harvest sellPoint="49" expectedLiters="436582.312500" depositedLiters="0.000000"/>
    </mission>
    <mission type="mow_bale" reward="20430" status="0" success="false">
        <field id="21" sprayFactor="1.000000" spraySet="false" plowFactor="1.000000" state="2" vehicleGroup="2" vehicleUseCost="1609.686035" spawnedVehicles="false" growthState="4" limeFactor="1.000000" weedFactor="1.000000" fruitTypeName="GRASS"/>
        <bale sellPoint="14" fillTypeName="DRYGRASS_WINDROW" depositedLiters="0.000000"/>
    </mission>
    <mission type="harvest" reward="27270" status="0" success="false">
        <field id="38" sprayFactor="0.000000" spraySet="false" plowFactor="1.000000" state="2" vehicleGroup="6" vehicleUseCost="4297.228027" spawnedVehicles="false" growthState="6" limeFactor="1.000000" weedFactor="0.500000" fruitTypeName="MAIZE"/>
        <harvest sellPoint="25" expectedLiters="270725.343750" depositedLiters="0.000000"/>
    </mission>
    <mission type="mow_bale" reward="7550" status="0" success="false">
        <field id="28" sprayFactor="0.000000" spraySet="false" plowFactor="1.000000" state="2" vehicleGroup="4" vehicleUseCost="594.880005" spawnedVehicles="false" growthState="4" limeFactor="1.000000" weedFactor="1.000000" fruitTypeName="GRASS"/>
        <bale sellPoint="14" fillTypeName="DRYGRASS_WINDROW" depositedLiters="0.000000"/>
    </mission>
    <mission type="mow_bale" reward="72486" status="0" success="false">
        <field id="40" sprayFactor="0.000000" spraySet="false" plowFactor="1.000000" state="2" vehicleGroup="3" vehicleUseCost="5191.835938" spawnedVehicles="false" growthState="4" limeFactor="1.000000" weedFactor="1.000000" fruitTypeName="GRASS"/>
        <bale sellPoint="13" fillTypeName="SILAGE" depositedLiters="0.000000"/>
    </mission>
    <mission type="harvest" reward="12046" status="0" success="false">
        <field id="55" sprayFactor="1.000000" spraySet="false" plowFactor="0.000000" state="2" vehicleGroup="21" vehicleUseCost="1898.182007" spawnedVehicles="false" growthState="5" limeFactor="1.000000" weedFactor="0.500000" fruitTypeName="CANOLA"/>
        <harvest sellPoint="25" expectedLiters="66436.367188" depositedLiters="0.000000"/>
    </mission>
    <mission type="plow" reward="32377" status="0" success="false">
        <field id="12" sprayFactor="0.000000" spraySet="false" plowFactor="0.000000" state="3" vehicleGroup="1" vehicleUseCost="5466.291992" spawnedVehicles="false" limeFactor="1.000000" weedFactor="1.000000" fruitTypeName="BARLEY"/>
    </mission>
    <mission type="mow_bale" reward="6185" status="0" success="false">
        <field id="30" sprayFactor="0.000000" spraySet="false" plowFactor="1.000000" state="2" vehicleGroup="1" vehicleUseCost="443.014008" spawnedVehicles="false" growthState="4" limeFactor="1.000000" weedFactor="1.000000" fruitTypeName="GRASS"/>
        <bale sellPoint="13" fillTypeName="SILAGE" depositedLiters="0.000000"/>
    </mission>
    <mission type="harvest" reward="71245" status="0" success="false">
        <field id="65" sprayFactor="1.000000" spraySet="false" plowFactor="0.000000" state="2" vehicleGroup="3" vehicleUseCost="11226.618164" spawnedVehicles="false" growthState="5" limeFactor="1.000000" weedFactor="0.500000" fruitTypeName="CANOLA"/>
        <harvest sellPoint="25" expectedLiters="392931.625000" depositedLiters="0.000000"/>
    </mission>
    <mission type="harvest" reward="10041" status="0" success="false">
        <field id="7" sprayFactor="0.000000" spraySet="false" plowFactor="1.000000" state="2" vehicleGroup="1" vehicleUseCost="1582.359985" spawnedVehicles="false" growthState="5" limeFactor="0.000000" weedFactor="0.500000" fruitTypeName="SOYBEAN"/>
        <harvest sellPoint="49" expectedLiters="31951.498047" depositedLiters="0.000000"/>
    </mission>
    <mission type="harvest" reward="39827" status="0" success="false">
        <field id="16" sprayFactor="1.000000" spraySet="false" plowFactor="1.000000" state="2" vehicleGroup="22" vehicleUseCost="6275.905762" spawnedVehicles="false" growthState="6" limeFactor="1.000000" weedFactor="0.000000" fruitTypeName="SUNFLOWER"/>
        <harvest sellPoint="34" expectedLiters="225932.609375" depositedLiters="0.000000"/>
    </mission>
    <mission type="mow_bale" reward="1466" status="0" success="false">
        <field id="35" sprayFactor="0.500000" spraySet="false" plowFactor="1.000000" state="2" vehicleGroup="2" vehicleUseCost="115.543999" spawnedVehicles="false" growthState="4" limeFactor="1.000000" weedFactor="1.000000" fruitTypeName="GRASS"/>
        <bale sellPoint="13" fillTypeName="DRYGRASS_WINDROW" depositedLiters="0.000000"/>
    </mission>
    <mission type="harvest" reward="20251" status="0" success="false">
        <field id="3" sprayFactor="1.000000" spraySet="false" plowFactor="0.000000" state="2" vehicleGroup="21" vehicleUseCost="3191.110107" spawnedVehicles="false" growthState="5" limeFactor="1.000000" weedFactor="0.000000" fruitTypeName="OAT"/>
        <harvest sellPoint="31" expectedLiters="135683.546875" depositedLiters="0.000000"/>
    </mission>
    <mission type="mow_bale" reward="11732" status="0" success="false">
        <field id="31" sprayFactor="0.000000" spraySet="false" plowFactor="1.000000" state="2" vehicleGroup="2" vehicleUseCost="924.377991" spawnedVehicles="false" growthState="4" limeFactor="0.000000" weedFactor="1.000000" fruitTypeName="GRASS"/>
        <bale sellPoint="13" fillTypeName="DRYGRASS_WINDROW" depositedLiters="0.000000"/>
    </mission>
    <mission type="mow_bale" reward="99406" status="0" success="false">
        <field id="36" sprayFactor="1.000000" spraySet="false" plowFactor="1.000000" state="2" vehicleGroup="5" vehicleUseCost="7119.996094" spawnedVehicles="false" growthState="4" limeFactor="1.000000" weedFactor="1.000000" fruitTypeName="GRASS"/>
        <bale sellPoint="14" fillTypeName="SILAGE" depositedLiters="0.000000"/>
    </mission>
    <mission type="mow_bale" reward="10196" status="0" success="false">
        <field id="29" sprayFactor="1.000000" spraySet="false" plowFactor="1.000000" state="2" vehicleGroup="2" vehicleUseCost="803.322021" spawnedVehicles="false" growthState="4" limeFactor="0.000000" weedFactor="1.000000" fruitTypeName="GRASS"/>
        <bale sellPoint="13" fillTypeName="DRYGRASS_WINDROW" depositedLiters="0.000000"/>
    </mission>
    <mission type="harvest" reward="5932" status="0" success="false">
        <field id="11" sprayFactor="0.000000" spraySet="false" plowFactor="1.000000" state="2" vehicleGroup="1" vehicleUseCost="934.882019" spawnedVehicles="false" growthState="7" limeFactor="1.000000" weedFactor="0.000000" fruitTypeName="WHEAT"/>
        <harvest sellPoint="49" expectedLiters="41602.250000" depositedLiters="0.000000"/>
    </mission>
    <mission type="mow_bale" reward="17056" status="0" success="false">
        <field id="23" sprayFactor="0.000000" spraySet="false" plowFactor="1.000000" state="2" vehicleGroup="3" vehicleUseCost="1221.687988" spawnedVehicles="false" growthState="4" limeFactor="1.000000" weedFactor="1.000000" fruitTypeName="GRASS"/>
        <bale sellPoint="13" fillTypeName="SILAGE" depositedLiters="0.000000"/>
    </mission>
    <mission type="mow_bale" reward="4417" status="0" success="false">
        <field id="22" sprayFactor="0.500000" spraySet="false" plowFactor="1.000000" state="2" vehicleGroup="2" vehicleUseCost="348.036011" spawnedVehicles="false" growthState="4" limeFactor="1.000000" weedFactor="1.000000" fruitTypeName="GRASS"/>
        <bale sellPoint="14" fillTypeName="DRYGRASS_WINDROW" depositedLiters="0.000000"/>
    </mission>
    <mission type="mow_bale" reward="14321" status="0" success="false">
        <field id="27" sprayFactor="0.000000" spraySet="false" plowFactor="1.000000" state="2" vehicleGroup="4" vehicleUseCost="1128.374023" spawnedVehicles="false" growthState="4" limeFactor="1.000000" weedFactor="1.000000" fruitTypeName="GRASS"/>
        <bale sellPoint="14" fillTypeName="DRYGRASS_WINDROW" depositedLiters="0.000000"/>
    </mission>
    <mission type="mow_bale" reward="17575" status="0" success="false">
        <field id="24" sprayFactor="1.000000" spraySet="false" plowFactor="1.000000" state="2" vehicleGroup="6" vehicleUseCost="1384.734009" spawnedVehicles="false" growthState="4" limeFactor="0.000000" weedFactor="1.000000" fruitTypeName="GRASS"/>
        <bale sellPoint="14" fillTypeName="DRYGRASS_WINDROW" depositedLiters="0.000000"/>
    </mission>
    <mission type="harvest" reward="49280" status="0" success="false">
        <field id="10" sprayFactor="0.000000" spraySet="false" plowFactor="1.000000" state="2" vehicleGroup="17" vehicleUseCost="2426.709961" spawnedVehicles="false" growthState="5" limeFactor="1.000000" weedFactor="0.000000" fruitTypeName="SUGARBEET"/>
        <harvest sellPoint="49" expectedLiters="822654.687500" depositedLiters="0.000000"/>
    </mission>
    <mission type="transport" reward="893" status="0" success="false" timeLeft="77587592" config="Lieferung" pickupTrigger="TRANSPORT11" dropoffTrigger="TRANSPORT05" objectFilename="data/objects/pallets/missions/transportPalletWhiteBoxes.i3d" numObjects="1"/>
    <mission type="mow_bale" reward="15732" status="0" success="false">
        <field id="25" sprayFactor="0.000000" spraySet="false" plowFactor="1.000000" state="2" vehicleGroup="3" vehicleUseCost="1126.839966" spawnedVehicles="false" growthState="4" limeFactor="1.000000" weedFactor="1.000000" fruitTypeName="GRASS"/>
        <bale sellPoint="13" fillTypeName="SILAGE" depositedLiters="0.000000"/>
    </mission>
    <mission type="harvest" reward="29644" status="0" success="false">
        <field id="51" sprayFactor="0.000000" spraySet="false" plowFactor="1.000000" state="2" vehicleGroup="2" vehicleUseCost="4671.237793" spawnedVehicles="false" growthState="7" limeFactor="1.000000" weedFactor="0.000000" fruitTypeName="WHEAT"/>
        <harvest sellPoint="40" expectedLiters="207870.093750" depositedLiters="0.000000"/>
    </mission>
    <mission type="harvest" reward="28978" status="0" success="false">
        <field id="64" sprayFactor="1.000000" spraySet="false" plowFactor="0.000000" state="2" vehicleGroup="11" vehicleUseCost="4566.379883" spawnedVehicles="false" growthState="7" limeFactor="1.000000" weedFactor="0.000000" fruitTypeName="COTTON"/>
        <harvest sellPoint="23" expectedLiters="144025.390625" depositedLiters="0.000000"/>
    </mission>
    <mission type="cultivate" reward="63293" status="0" success="false">
        <field id="66" sprayFactor="0.000000" spraySet="false" plowFactor="1.000000" state="3" vehicleGroup="6" vehicleUseCost="24933.818359" spawnedVehicles="false" limeFactor="1.000000" weedFactor="1.000000" fruitTypeName="SUNFLOWER"/>
    </mission>
    <mission type="transport" reward="1636" status="0" success="false" timeLeft="76851743" config="Kisten" pickupTrigger="TRANSPORT07" dropoffTrigger="TRANSPORT10" objectFilename="data/objects/pallets/missions/transportPalletCrates.i3d" numObjects="2"/>
</missions>
