﻿<onCreateLoadedObjects>
    <onCreateLoadedObject saveId="globalCompany_Brueckenbau">
        <productionFactory farmId="15" indexName="Brueckenbau">
            <productLines>
                <productLine lineId="1" state="false" userStopped="false"/>
            </productLines>
        </productionFactory>
    </onCreateLoadedObject>
    <onCreateLoadedObject saveId="globalCompany_Einkauf">
        <productionFactory farmId="15" indexName="Einkauf">
            <productLines>
                <productLine lineId="1" state="false" userStopped="false"/>
                <productLine lineId="2" state="false" userStopped="false"/>
            </productLines>
        </productionFactory>
    </onCreateLoadedObject>
</onCreateLoadedObjects>
